{
  "batch_shape": {
    "batch": 1,
    "steps": 2,
    "tokens": 220,
    "dim": 768
  },
  "schedule": {
    "min_signal": 0.0,
    "max_signal": 1.0,
    "base_dimension": 4096,
    "effective_dimension": 168960,
    "dimension_shift_alpha": 6.422616289332565
  },
  "components": {
    "signal_levels": {
      "count": 2,
      "mean": 0.9504859447479248,
      "std": 0.02219182252883911,
      "min": 0.9282941222190857,
      "max": 0.9726777672767639
    },
    "base_noise": {
      "count": 337920,
      "mean": 0.0013363240286707878,
      "std": 0.9991427659988403,
      "min": -4.9571757316589355,
      "max": 4.608640193939209
    },
    "noisy_latents": {
      "count": 337920,
      "mean": 0.0037053613923490047,
      "std": 0.3660106360912323,
      "min": -5.989283084869385,
      "max": 3.361372470855713
    },
    "target_velocity": {
      "count": 337920,
      "mean": 0.0024930310901254416,
      "std": 1.0682933330535889,
      "min": -8.648849487304688,
      "max": 4.884086608886719
    }
  },
  "config": {
    "num_hist_bins": 60,
    "schedule_plot_points": 256,
    "max_time_series": 8
  }
}