{
  "batch_shape": {
    "batch": 1,
    "steps": 2,
    "tokens": 256,
    "dim": 768
  },
  "schedule": {
    "min_signal": 0.0,
    "max_signal": 1.0,
    "base_dimension": 4096,
    "effective_dimension": 196608,
    "dimension_shift_alpha": 6.928203230275509
  },
  "components": {
    "signal_levels": {
      "count": 2,
      "mean": 0.45930561423301697,
      "std": 0.3949088156223297,
      "min": 0.06439681351184845,
      "max": 0.8542144298553467
    },
    "base_noise": {
      "count": 393216,
      "mean": 0.0005952768842689693,
      "std": 0.9999035000801086,
      "min": -4.560771465301514,
      "max": 4.582380771636963
    },
    "noisy_latents": {
      "count": 393216,
      "mean": 4.917064870824106e-05,
      "std": 0.9022267460823059,
      "min": -13.355241775512695,
      "max": 8.863703727722168
    },
    "target_velocity": {
      "count": 393216,
      "mean": -0.0005952781066298485,
      "std": 1.4157235622406006,
      "min": -16.8421630859375,
      "max": 12.229480743408203
    }
  },
  "config": {
    "num_hist_bins": 60,
    "schedule_plot_points": 256,
    "max_time_series": 8
  }
}