{
  "batch_shape": {
    "batch": 8,
    "steps": 2,
    "tokens": 220,
    "dim": 768
  },
  "schedule": {
    "min_signal": 0.0,
    "max_signal": 1.0,
    "base_dimension": 4096,
    "effective_dimension": 168960,
    "dimension_shift_alpha": 6.422616289332565
  },
  "components": {
    "signal_levels": {
      "count": 16,
      "mean": 0.809235692024231,
      "std": 0.22535265982151031,
      "min": 0.28955578804016113,
      "max": 0.9963449239730835
    },
    "base_noise": {
      "count": 2703360,
      "mean": -0.00044017808977514505,
      "std": 1.00083327293396,
      "min": -14.37212085723877,
      "max": 5.1665778160095215
    },
    "noisy_latents": {
      "count": 2703360,
      "mean": 0.0023306007497012615,
      "std": 0.4404633939266205,
      "min": -6.092286109924316,
      "max": 3.8783369064331055
    },
    "target_velocity": {
      "count": 2703360,
      "mean": 0.0034073973074555397,
      "std": 1.0736520290374756,
      "min": -9.734509468078613,
      "max": 14.328083992004395
    }
  },
  "config": {
    "num_hist_bins": 60,
    "schedule_plot_points": 256,
    "max_time_series": 8
  }
}